<?xml version='1.0' encoding='UTF-8'?>
<faces-config version="2.2"
              xmlns="http://xmlns.jcp.org/xml/ns/javaee"
              xmlns:xsi="http://www.w3.org/2001/XMLSchema-instance"
              xsi:schemaLocation="http://xmlns.jcp.org/xml/ns/javaee http://xmlns.jcp.org/xml/ns/javaee/web-facesconfig_2_2.xsd">
    <application>
        <resource-bundle>
            <base-name>source.Mensajes</base-name>
            <var>Msg</var>
        </resource-bundle>
    </application>
    
    <navigation-rule>
        <from-view-id>*</from-view-id>
        <navigation-case>
            <from-outcome>addUser</from-outcome>
            <to-view-id>/addUsuario.xhtml</to-view-id>
        </navigation-case>
        
        <navigation-case>
            <from-outcome>deleteUser</from-outcome>
            <to-view-id>/DeleteUser.xhtml</to-view-id>
        </navigation-case>
        
        <navigation-case>
            <from-outcome>updateUser</from-outcome>
            <to-view-id>/updateUser.xhtml</to-view-id>
        </navigation-case>
        
        <navigation-case>
            <from-outcome>addphoto</from-outcome>
            <to-view-id>/addPhoto.xhtml</to-view-id>
        </navigation-case>
        
        <navigation-case>
            <from-outcome>galeria</from-outcome>
            <to-view-id>/galeria.xhtml</to-view-id>
        </navigation-case>
        
        <navigation-case>
            <from-outcome>DisplayImage</from-outcome>
            <to-view-id>/galeria_1.xhtml</to-view-id>
        </navigation-case>
        
 <navigation-case>
            <from-outcome>galeriacomentarios</from-outcome>
            <to-view-id>/galeriacomentarios.xhtml</to-view-id>
        </navigation-case>
               
 <navigation-case>
            <from-outcome>addcomentario</from-outcome>
            <to-view-id>/addcomentario.xhtml</to-view-id>
        </navigation-case>        
        
        <navigation-case>
            <from-outcome>presentacion</from-outcome>
            <to-view-id>/presentacion.xhtml</to-view-id>
        </navigation-case>
        
        
        <navigation-case>
            <from-outcome>eliminarphoto</from-outcome>
            <to-view-id>/EliminarPhoto.xhtml</to-view-id>
        </navigation-case>
        
    </navigation-rule>
    

    <managed-bean>
        <managed-bean-name>userBean</managed-bean-name>
        <managed-bean-class>bean.UserBean</managed-bean-class>
    
        <managed-bean-scope>request</managed-bean-scope></managed-bean>
    <managed-bean>
        <managed-bean-name>photoBean</managed-bean-name>
        <managed-bean-class>bean.PhotoBean</managed-bean-class>
    
        <managed-bean-scope>request</managed-bean-scope></managed-bean>
    <managed-bean>
        <managed-bean-name>commentBean</managed-bean-name>
        <managed-bean-class>bean.CommentBean</managed-bean-class>
        <managed-bean-scope>request</managed-bean-scope>
    </managed-bean>
    <navigation-rule>
        <from-view-id>/galeria.xhtml</from-view-id>
        <navigation-case>
            <from-outcome>case1</from-outcome>
            <to-view-id>/galeria_1.xhtml</to-view-id>
        </navigation-case>
    </navigation-rule>
</faces-config>
