<?xml version="1.0" encoding="UTF-8"?>
<project-private xmlns="http://www.netbeans.org/ns/project-private/1">
    <editor-bookmarks xmlns="http://www.netbeans.org/ns/editor-bookmarks/2" lastBookmarkId="0"/>
    <open-files xmlns="http://www.netbeans.org/ns/projectui-open-files/2">
        <group>
            <file>file:/home/hautiro/NetBeansProjects/Final/drive-download-20171207T035721Z-001/JSFHibernate/src/java/hibernate.cfg.xml</file>
            <file>file:/home/hautiro/NetBeansProjects/Final/drive-download-20171207T035721Z-001/JSFHibernate/web/presentacion.xhtml</file>
        </group>
    </open-files>
</project-private>
