<?xml version="1.0" encoding="UTF-8"?>
<!DOCTYPE hibernate-mapping PUBLIC "-//Hibernate/Hibernate Mapping DTD 3.0//EN" "http://www.hibernate.org/dtd/hibernate-mapping-3.0.dtd">
<!-- Generated Nov 26, 2017 8:49:49 PM by Hibernate Tools 4.3.1 -->
<hibernate-mapping>
  <class catalog="adventure_works" name="modelos.Comment" optimistic-lock="version" table="comment">
    <id name="commentId" type="int">
      <column name="CommentID"/>
      <generator class="assigned"/>
    </id>
    <property name="user" type="string">
      <column length="50" name="User" not-null="true"/>
    </property>
    <property name="subject" type="string">
      <column length="200" name="Subject" not-null="true"/>
    </property>
    <property name="body" type="string">
      <column length="500" name="Body" not-null="true"/>
    </property>
    <property name="photoId" type="int">
      <column name="PhotoId" not-null="true"/>
    </property>
  </class>
</hibernate-mapping>
