<?xml version="1.0" encoding="UTF-8"?>
<!DOCTYPE hibernate-mapping PUBLIC "-//Hibernate/Hibernate Mapping DTD 3.0//EN" "http://www.hibernate.org/dtd/hibernate-mapping-3.0.dtd">
<!-- Generated Nov 26, 2017 8:49:49 PM by Hibernate Tools 4.3.1 -->
<hibernate-mapping>
  <class catalog="adventure_works" name="modelos.Photo" optimistic-lock="version" table="photo">
    <id name="photoId" type="int">
      <column name="PhotoID"/>
      <generator class="assigned"/>
    </id>
    <property name="title" type="string">
      <column length="150" name="Title"/>
    </property>
    <property name="photoFile" type="binary">
      <column name="PhotoFile"/>
    </property>
    <property name="description" type="string">
      <column length="200" name="Description"/>
    </property>
    <property name="createDate" type="date">
      <column length="10" name="CreateDate"/>
    </property>
    <property name="owner" type="string">
      <column length="150" name="Owner"/>
    </property>
  </class>
</hibernate-mapping>
