<?xml version="1.0" encoding="UTF-8"?>
<!DOCTYPE hibernate-mapping PUBLIC "-//Hibernate/Hibernate Mapping DTD 3.0//EN" "http://www.hibernate.org/dtd/hibernate-mapping-3.0.dtd">
<!-- Generated Nov 26, 2017 8:49:49 PM by Hibernate Tools 4.3.1 -->
<hibernate-mapping>
  <class catalog="adventure_works" name="modelos.User" optimistic-lock="version" table="user">
    <id name="user" type="string">
      <column length="50" name="User"/>
      <generator class="assigned"/>
    </id>
    <property name="name" type="string">
      <column length="150" name="Name" not-null="true"/>
    </property>
    <property name="password" type="string">
      <column length="150" name="Password"/>
    </property>
    
  </class>
</hibernate-mapping>
